video-UID,clip_title,labeler,RGB_Preds,Flow_Preds,predix,label
13432,heavy_bag_drills_slice105.mp4,Lance,3,3,1,1
10918,NV_630.mp4,Jen,0,0,0,0
12665,V_980.mp4,Alex,1,0,0,0
15187,streetfight5_slice680.mp4,Ahsen,0,0,0,0
11420,SouthAmericanDrumline_slice35.mp4,Ahsen,0,0,0,0
549,NV_32.mp4,Jen,0,0,0,0
12194,V_619_slice0.mp4,Lance,1,0,0,1
12596,V_919.mp4,Alex,0,1,1,1
14633,streetfight1_slice760.mp4,Alex,0,0,0,0
10032,Australian_flash_mob_dance_slice215.mp4,Lance,0,0,0,0
12381,V_789_slice100.mp4,Alex,1,1,1,1
14174,perfect_hook_punch_slice260.mp4,Jen,0,0,0,1
3040,football_crowds__Brazilian_Football__WELLBRAN__kKRw-i7pukY.mp4,Lance,0,0,0,0
10058,Australian_flash_mob_dance_slice65.mp4,Jen,0,0,0,0
15159,streetfight5_slice55.mp4,Lance,1,0,1,1
11873,V_332_slice0.mp4,Alex,1,1,1,0
15222,student_teacher_greetings_slice30.mp4,Lance,0,0,0,0
12221,V_642.mp4,Alex,1,0,0,1
15180,streetfight5_slice65.mp4,Jen,1,0,1,1
11040,NV_738_slice0.mp4,Lance,0,0,0,0
10811,NV_534.mp4,Lance,0,0,0,0
10721,NV_452.mp4,Alex,0,0,0,0
15374,traditional_dance_slice490.mp4,Lance,0,0,0,0
617,NV_381.mp4,Ahsen,0,0,0,0
12902,downward_strike_punches_slice250.mp4,Jen,3,3,1,1
3019,female_makeup_artist_client_slice20.mp4,Jen,0,0,0,0
10656,NV_394.mp4,Ahsen,0,0,0,0
11528,US_NC_asheville_drum_circle_slice515.mp4,Alex,0,0,0,0
11968,V_412.mp4,Lance,1,1,1,1
15277,teen_punches_officer_slice5.mp4,Lance,0,0,0,0
11144,NV_830.mp4,Lance,0,0,0,0
62,Australian_flash_mob_dance_slice85.mp4,Ahsen,0,0,0,0
232,HShackeysack_slice255.mp4,Alex,0,0,0,0
628,NV_391.mp4,Ahsen,0,0,0,0
900,NV_636.mp4,Jen,0,0,0,0
10272,HShackeysack_slice50.mp4,Lance,0,0,0,0
14258,short_strikes_slice175.mp4,Alex,3,3,1,1
15371,traditional_dance_slice475.mp4,Alex,0,0,0,0
10515,NV_269.mp4,Lance,4,0,0,0
15414,traditional_dance_slice95.mp4,Alex,0,0,0,0
14122,parents_hip_hop_slice35.mp4,Lance,0,0,0,0
10153,French_flashmob_circle_slice215.mp4,Lance,0,0,0,0
13040,downward_strike_punches_slice875.mp4,Lance,3,0,1,0
14062,outdoorHShackeysack_slice115.mp4,Alex,0,0,0,0
11083,NV_776.mp4,Jen,0,0,0,0
13942,male_makeup_artist_client_slice205.mp4,Lance,0,0,0,0
14316,short_strikes_slice440.mp4,Ahsen,3,3,1,1
15396,traditional_dance_slice585.mp4,Lance,0,0,0,0
14990,streetfight4_slice330.mp4,Jen,1,0,0,1
11760,V_227_slice0.mp4,Lance,1,1,1,1
2610,downward_strike_punches_slice1025.mp4,Lance,0,0,0,0
4953,streetfight5_slice330.mp4,Lance,0,0,0,1
13317,football_violence__HOOLIGANS__mscs01__YWE3lKNm8aA.mp4,Jen,1,1,1,1
13842,how_to_strike_max_power_slice715.mp4,Ahsen,0,0,0,0
1381,US_NC_asheville_drum_circle_slice135.mp4,Alex,0,0,0,0
12836,downward_strike_punches_slice1440.mp4,Jen,0,0,0,0
14092,outdoorHShackeysack_slice250.mp4,Lance,0,0,0,0
12223,V_644.mp4,Ahsen,0,0,0,1
1173,NV_882.mp4,Jen,0,0,0,0
14682,streetfight1_slice985.mp4,Alex,0,0,0,0
14249,short_strikes_slice135.mp4,Ahsen,3,3,1,1
12115,V_546_slice0.mp4,Ahsen,0,0,0,0
14591,streetfight1_slice570.mp4,Alex,1,0,1,0
10047,Australian_flash_mob_dance_slice285.mp4,Ahsen,0,0,0,0
12743,downward_strike_punches_slice1015.mp4,Jen,0,0,0,0
14390,stadium_crowds__BullDOgs_SoNG_aNd_VidEO_REMixed_NRL_CHAMPIONS_remix_of_BLue_WhiT.mp4,Ahsen,0,0,0,0
14926,streetfight3_slice610.mp4,Ahsen,2,2,1,0
13772,how_to_strike_max_power_slice40.mp4,Lance,0,0,0,1
14408,stadium_crowds__Outside_Yankee_Stadium_Following_World_Series_Win_vs_Phillies_11.mp4,Lance,0,0,0,0
15080,streetfight5_slice195.mp4,Ahsen,1,0,0,1
13757,how_to_strike_max_power_slice330.mp4,Jen,0,0,0,0
15393,traditional_dance_slice570.mp4,Alex,0,0,0,0
15082,streetfight5_slice200.mp4,Jen,1,1,1,1
11650,V_130_slice0.mp4,Lance,1,1,1,1
13250,football_crowds_cheering__Sunderland_Goal_against_Wigan__adamfearman__yXSc-kCWBjY.mp4,Ahsen,0,0,0,0
11886,V_344.mp4,Alex,1,1,1,1
218,HShackeysack_slice195.mp4,Lance,0,0,0,0
13632,how_to_punch_7_basics_slice265.mp4,Lance,4,4,1,0
10102,ByronBay_slice235.mp4,Ahsen,0,0,0,0
10093,ByronBay_slice195.mp4,Jen,0,0,0,0
10278,HShackeysack_slice80.mp4,Ahsen,0,0,0,0
12507,V_839.mp4,Alex,1,1,1,1
4795,streetfight4_slice165.mp4,Jen,0,0,0,1
14884,streetfight3_slice425.mp4,Alex,0,1,1,0
11478,US_NC_asheville_drum_circle_slice295.mp4,Jen,0,0,0,0
10929,NV_640.mp4,Alex,0,0,0,0
12716,crowd_violence__Occupy_Cal_video_Police_brutally_beat_arrest_Berkeley_students__RussiaToday__B_f06VQOkI4_slice15.mp4,Alex,0,0,0,0
14479,streetfight1_slice1035.mp4,Alex,0,0,0,0
12465,V_8_slice0.mp4,Ahsen,0,0,0,0
13765,how_to_strike_max_power_slice365.mp4,Ahsen,0,0,0,0
13392,groomsmen_dance_slice350.mp4,Lance,0,0,0,0
13896,kicks_line_dance_slice175.mp4,Lance,0,0,0,0
13439,heavy_bag_drills_slice140.mp4,Ahsen,4,0,1,0
11565,US_NC_asheville_drum_circle_slice685.mp4,Lance,0,0,0,0
11716,V_186.mp4,Jen,0,1,1,1
10327,NV_100.mp4,Alex,0,0,0,0
12037,V_475.mp4,Ahsen,1,1,1,1
11485,US_NC_asheville_drum_circle_slice325.mp4,Jen,0,0,0,0
11256,NV_931.mp4,Lance,0,0,0,0
11150,NV_837.mp4,Alex,0,0,0,0
14912,streetfight3_slice55.mp4,Lance,0,0,0,0
13496,heavy_bag_drills_slice40.mp4,Jen,0,0,0,0
13916,kicks_line_dance_slice95.mp4,Ahsen,0,0,0,0
10065,British_Football_Hooligans_Mix_3__MorningGlory1997__kW23lUV6oFk_slice0.mp4,Jen,0,0,0,0
13319,football_violence__Hooligans_no_talk_just_fights_docu_part_09__haagsejef23__kRlCAD-3H40.mp4,Lance,1,1,1,1
12147,V_576_slice0.mp4,Jen,0,0,0,0
10916,NV_629.mp4,Jen,0,0,0,0
12351,V_761.mp4,Jen,1,1,1,1
3601,how_to_strike_max_power_slice355.mp4,Alex,0,0,0,0
11174,NV_858.mp4,Jen,0,0,0,0
13788,how_to_strike_max_power_slice470.mp4,Jen,0,0,0,0
14680,streetfight1_slice975.mp4,Jen,0,0,0,0
12953,downward_strike_punches_slice485.mp4,Lance,0,0,0,1
15064,streetfight5_slice120.mp4,Jen,0,0,0,0
14091,outdoorHShackeysack_slice25.mp4,Jen,0,0,0,0
14503,streetfight1_slice175.mp4,Jen,1,1,1,1
14400,stadium_crowds__Iranian_Revolution_10th_Year_Anniversary__hijazna__PFZsW8I-GVY.mp4,Alex,1,0,0,0
13351,groomsmen_dance_slice165.mp4,Alex,0,0,0,0
13754,how_to_strike_max_power_slice315.mp4,Ahsen,0,0,0,0
10627,NV_367.mp4,Alex,0,0,0,0
14616,streetfight1_slice685.mp4,Lance,1,1,1,1
10052,Australian_flash_mob_dance_slice40.mp4,Ahsen,0,0,0,0
10700,NV_433.mp4,Ahsen,0,0,0,0
15284,teen_punches_officer_slice80.mp4,Alex,0,0,0,0
10456,NV_215.mp4,Lance,0,0,0,0
10097,ByronBay_slice210.mp4,Lance,0,0,0,0
11010,NV_713.mp4,Lance,0,0,0,0
2660,downward_strike_punches_slice1250.mp4,Ahsen,0,0,0,0
11806,V_272_slice0.mp4,Lance,1,1,1,1
10382,NV_149.mp4,Jen,0,0,0,0
10907,NV_620.mp4,Jen,0,0,0,0
12931,downward_strike_punches_slice385.mp4,Ahsen,0,0,0,0
12772,downward_strike_punches_slice115.mp4,Lance,0,0,0,0
12790,downward_strike_punches_slice1230.mp4,Jen,3,3,1,1
13273,football_violence__Accidents_Fights_Violence_Tragedies_Hooligans_Football_Fights_HORRIBLE_THINGS__darkhero00__PgujG07PUq0.mp4,Lance,1,0,1,1
3695,how_to_strike_max_power_slice780.mp4,Lance,0,0,0,0
2938,fans_violence__Football_Hooligans_Preston_North_End_Mix__prestonparasoccer__qwrOc8xmlpY.mp4,Jen,0,1,1,1
10877,NV_594.mp4,Lance,0,0,0,0
10239,HShackeysack_slice260.mp4,Alex,0,0,0,0
14105,outdoorHShackeysack_slice50.mp4,Jen,0,0,0,0
11720,V_190_slice0.mp4,Ahsen,1,0,1,1
13530,hook_punch_power_slice105.mp4,Lance,0,0,0,0
10129,French_flashmob_circle_slice105.mp4,Lance,0,0,0,0
14462,street_confrontation_punch_slice65.mp4,Alex,1,1,1,1
11379,PutHandsUp_slice155.mp4,Alex,0,0,0,0
10675,NV_410.mp4,Jen,0,0,0,0
11360,NV_996_slice5.mp4,Lance,0,0,0,0
11386,PutHandsUp_slice45.mp4,Jen,0,0,0,0
13947,male_makeup_artist_client_slice230.mp4,Jen,0,0,0,0
12199,V_623.mp4,Alex,0,0,0,0
13477,heavy_bag_drills_slice310.mp4,Lance,3,3,1,1
12325,V_737.mp4,Lance,1,1,1,1
13493,heavy_bag_drills_slice385.mp4,Ahsen,3,3,1,1
10930,NV_641.mp4,Ahsen,0,0,0,0
11845,V_306_slice0.mp4,Jen,1,1,1,1
4738,streetfight3_slice485.mp4,Alex,0,0,0,0
12593,V_916.mp4,Ahsen,1,1,1,1
2019,V_518.mp4,Alex,1,1,1,1
11001,NV_705.mp4,Jen,0,0,0,0
12181,V_607_slice0.mp4,Ahsen,1,0,1,0
13225,football_crowds_cheering__Day_254_of_2010_Washington_Huskies_First_Half__shinystuffff__H3x.mp4,Ahsen,1,0,0,0
4012,perfect_hook_punch_slice25.mp4,Alex,0,0,0,1
10759,NV_488.mp4,Jen,0,0,0,0
11536,US_NC_asheville_drum_circle_slice550.mp4,Alex,0,0,0,0
14075,outdoorHShackeysack_slice175.mp4,Alex,0,0,0,0
10592,NV_337.mp4,Ahsen,0,0,0,0
13695,how_to_punch_hard_fast_slice50.mp4,Jen,0,0,0,0
13605,how_to_punch_7_basics_slice145.mp4,Jen,4,4,1,0
11750,V_218_slice0.mp4,Lance,1,1,1,1
11014,NV_717.mp4,Jen,0,0,0,0
11381,PutHandsUp_slice20.mp4,Alex,0,0,0,0
11813,V_279_slice0.mp4,Alex,1,0,0,0
2924,downward_strike_punches_slice960.mp4,Lance,0,0,0,0
10605,NV_348.mp4,Alex,0,0,0,0
11556,US_NC_asheville_drum_circle_slice645.mp4,Lance,0,0,0,0
12530,V_86.mp4,Jen,1,0,0,1
12942,downward_strike_punches_slice435.mp4,Jen,3,3,1,1
15252,stunt_fights_shayna_slice40.mp4,Ahsen,1,3,1,1
14594,streetfight1_slice585.mp4,Ahsen,0,0,0,0
13308,football_violence__Football_Hooligans_Watford_v_Luton_2002_Version_1__MorningGlory1997__vLOTaR9eMlg_slice0.mp4,Ahsen,1,1,1,1
4271,stop_a_douchebag_slice35.mp4,Jen,0,0,0,0
10943,NV_653.mp4,Jen,0,0,0,0
13782,how_to_strike_max_power_slice445.mp4,Lance,0,0,0,0
11462,US_NC_asheville_drum_circle_slice220.mp4,Ahsen,0,0,0,0
13176,female_makeup_artist_client_slice60.mp4,Jen,0,0,0,0
11963,V_409.mp4,Ahsen,1,0,1,0
2248,V_724.mp4,Alex,0,0,0,1
10275,HShackeysack_slice65.mp4,Alex,0,0,0,0
14644,streetfight1_slice810.mp4,Ahsen,0,0,0,0
13881,kicks_line_dance_slice105.mp4,Lance,0,0,0,0
1396,US_NC_asheville_drum_circle_slice200.mp4,Alex,0,0,0,0
14190,perfect_hook_punch_slice60.mp4,Lance,3,1,0,1
15408,traditional_dance_slice65.mp4,Lance,0,0,0,0
14739,streetfight2_slice345.mp4,Lance,0,0,0,0
10548,NV_298.mp4,Lance,0,0,0,0
13708,how_to_strike_max_power_slice105.mp4,Lance,0,0,0,0
1162,NV_872.mp4,Jen,0,0,0,0
12070,V_505_slice0.mp4,Alex,1,1,1,1
14578,streetfight1_slice510.mp4,Lance,0,0,0,0
13897,kicks_line_dance_slice180.mp4,Lance,0,0,0,0
1021,NV_745.mp4,Lance,0,0,0,0
11795,V_261.mp4,Ahsen,1,1,1,1
632,NV_395.mp4,Ahsen,0,0,0,0
12536,V_865.mp4,Jen,1,1,1,1
1025,NV_749.mp4,Alex,0,0,0,0
14668,streetfight1_slice920.mp4,Lance,0,0,0,0
14580,streetfight1_slice520.mp4,Ahsen,0,0,0,0
11995,V_438.mp4,Jen,1,1,1,1
11790,V_256.mp4,Lance,1,0,1,1
11508,US_NC_asheville_drum_circle_slice430.mp4,Jen,0,0,0,0
5176,traditional_dance_slice285.mp4,Lance,0,0,0,0
10154,French_flashmob_circle_slice220.mp4,Ahsen,0,0,0,0
14124,parents_hip_hop_slice45.mp4,Ahsen,0,0,0,0
10512,NV_266.mp4,Jen,0,0,0,0
12003,V_445.mp4,Alex,0,0,0,0
13857,how_to_strike_max_power_slice785.mp4,Alex,0,0,0,0
13309,football_violence__Football_Hooligans_Watford_v_Luton_2002_Version_1__MorningGlory1997__vLOTaR9eMlg_slice5.mp4,Lance,1,1,1,1
11578,US_NC_asheville_drum_circle_slice745.mp4,Lance,0,0,0,0
10874,NV_591.mp4,Lance,0,1,0,0
13092,fans_violence__Roma_vs_Man_United_Police_violence_DANISH_TV__7Anotnac7__gIfgEwL.mp4,Alex,0,1,0,1
14274,short_strikes_slice25.mp4,Lance,0,0,0,0
2755,downward_strike_punches_slice20.mp4,Alex,0,0,0,1
10843,NV_563.mp4,Alex,0,0,0,0
14882,streetfight3_slice415.mp4,Ahsen,0,0,0,0
358,NV_148.mp4,Lance,0,0,0,0
11057,NV_753.mp4,Ahsen,0,0,0,0
12406,V_789_slice215.mp4,Ahsen,1,2,1,0
1779,V_301.mp4,Jen,1,1,1,1
1003,NV_729.mp4,Alex,0,0,0,0
337,NV_129.mp4,Alex,0,0,0,0
13728,how_to_strike_max_power_slice20.mp4,Lance,4,4,1,1
14950,streetfight4_slice15.mp4,Ahsen,0,0,0,0
12119,V_55_slice0.mp4,Ahsen,0,0,0,1
12576,V_900.mp4,Alex,0,1,1,1
14118,parents_hip_hop_slice15.mp4,Lance,0,0,0,0
11545,US_NC_asheville_drum_circle_slice595.mp4,Alex,0,0,0,0
10861,NV_58.mp4,Jen,0,0,0,0
248,HShackeysack_slice330.mp4,Alex,0,0,0,0
14484,streetfight1_slice1055.mp4,Lance,0,1,0,1
10010,Australian_flash_mob_dance_slice115.mp4,Jen,0,0,0,0
14359,short_strikes_slice630.mp4,Jen,0,0,0,0
4618,streetfight2_slice510.mp4,Ahsen,0,0,0,1
13936,male_makeup_artist_client_slice180.mp4,Alex,0,0,0,0
3699,how_to_strike_max_power_slice80.mp4,Jen,0,0,0,0
15155,streetfight5_slice530.mp4,Ahsen,0,0,0,0
4624,streetfight2_slice540.mp4,Ahsen,1,0,0,0
10603,NV_346_slice0.mp4,Lance,0,0,0,0
1327,PutHandsUp_slice55.mp4,Lance,0,0,0,0
10449,NV_209.mp4,Ahsen,0,0,0,0
13063,downward_strike_punches_slice980.mp4,Jen,0,0,0,0
13024,downward_strike_punches_slice800.mp4,Ahsen,0,0,0,0
11888,V_346.mp4,Alex,0,1,0,1
14018,mitt_drill_slice270.mp4,Jen,0,1,1,1
5012,streetfight5_slice595.mp4,Lance,0,0,0,1
11479,US_NC_asheville_drum_circle_slice30.mp4,Alex,0,0,0,0
4441,streetfight1_slice615.mp4,Lance,0,0,0,0
13235,football_crowds_cheering__Inside_the_Iowa_Spirit_Squads__uimediaproduction__V365Mro2t88.mp4,Lance,0,0,0,0
10182,French_flashmob_circle_slice35.mp4,Jen,0,0,0,0
2238,V_715.mp4,Jen,0,0,0,0
11851,V_311.mp4,Ahsen,1,1,1,1
10432,NV_194.mp4,Lance,0,0,0,0
11041,NV_739_slice0.mp4,Ahsen,0,0,0,0
13361,groomsmen_dance_slice210.mp4,Lance,0,0,0,0
15262,stunt_fights_shayna_slice85.mp4,Ahsen,4,4,1,1
4204,short_strikes_slice65.mp4,Jen,0,0,0,0
14987,streetfight4_slice315.mp4,Alex,0,0,0,0
13090,fans_violence__IRAKLIS_FANS_OUTLAW__RESISTANCE1908__15XLSFN7mFs.mp4,Alex,1,1,1,0
14738,streetfight2_slice340.mp4,Jen,0,0,0,0
516,NV_290.mp4,Lance,0,0,0,0
11160,NV_845.mp4,Ahsen,0,0,0,0
3674,how_to_strike_max_power_slice685.mp4,Lance,0,0,0,0
13969,marine_punches_navy_corpsman_slice10.mp4,Lance,0,0,0,1
14518,streetfight1_slice245.mp4,Alex,1,1,1,1
10222,HShackeysack_slice185.mp4,Lance,0,0,0,0
14499,streetfight1_slice155.mp4,Alex,1,1,1,1
4516,streetfight1_slice955.mp4,Jen,0,0,0,0
14957,streetfight4_slice180.mp4,Jen,0,0,0,1
15142,streetfight5_slice475.mp4,Jen,0,0,0,1
10601,NV_344.mp4,Jen,0,0,0,0
12656,V_972.mp4,Jen,1,1,1,0
12870,downward_strike_punches_slice1590.mp4,Lance,0,0,0,0
12671,V_986_slice0.mp4,Jen,1,1,1,1
153,French_flashmob_circle_slice245.mp4,Ahsen,0,0,0,0
2561,balcony_football_violence__Football_Hooligans_Leeds_v_Wolves_2005__MorningGlory1997__f66MTrNLPL0.mp4,Alex,1,1,1,0
2421,V_880.mp4,Lance,1,1,1,1
10826,NV_548.mp4,Ahsen,0,0,0,0
12419,V_789_slice275.mp4,Ahsen,1,1,1,1
427,NV_21.mp4,Lance,0,0,0,0
15163,streetfight5_slice565.mp4,Alex,0,0,0,0
10006,Australian_flash_mob_dance_slice10.mp4,Alex,0,0,0,0
10639,NV_378.mp4,Jen,0,0,0,0
11887,V_345.mp4,Alex,0,0,0,1
11128,NV_816.mp4,Jen,0,0,0,0
13895,kicks_line_dance_slice170.mp4,Lance,0,0,0,0
15121,streetfight5_slice380.mp4,Jen,0,0,0,0
3022,female_makeup_artist_client_slice35.mp4,Lance,0,0,0,0
12441,V_789_slice40.mp4,Alex,0,0,0,0
11670,V_146_slice0.mp4,Ahsen,0,1,0,1
10406,NV_170.mp4,Lance,0,0,0,0
11669,V_145_slice0.mp4,Lance,0,0,0,1
15221,student_teacher_greetings_slice25.mp4,Lance,0,0,0,0
11654,V_134_slice0.mp4,Lance,1,0,1,1
12305,V_719.mp4,Ahsen,0,0,0,0
3766,male_makeup_artist_client_slice140.mp4,Ahsen,0,0,0,0
11711,V_181.mp4,Lance,1,1,1,0
10510,NV_264.mp4,Lance,0,0,0,0
13167,female_makeup_artist_client_slice190.mp4,Jen,0,0,0,0
10848,NV_568.mp4,Ahsen,0,0,0,0
43,Australian_flash_mob_dance_slice265.mp4,Lance,0,0,0,0
10185,French_flashmob_circle_slice360.mp4,Ahsen,0,0,0,0
14838,streetfight3_slice215.mp4,Jen,0,1,1,0
12196,V_620_slice0.mp4,Alex,1,0,1,1
428,NV_210.mp4,Ahsen,0,0,0,0
14614,streetfight1_slice675.mp4,Jen,1,0,0,0
15077,streetfight5_slice180.mp4,Lance,1,0,1,1
2542,V_99.mp4,Ahsen,1,0,1,0
13198,football_crowds__Love_is_in_the_air_DUFC_cup_final_Hampden_2010__tattoosyke__Afp7.mp4,Ahsen,0,0,0,0
10232,HShackeysack_slice230.mp4,Jen,0,0,0,0
10377,NV_144.mp4,Lance,0,0,0,0
14348,short_strikes_slice580.mp4,Lance,0,0,0,0
12622,V_942_slice0.mp4,Jen,1,0,1,1
11432,SouthAmericanDrumline_slice90.mp4,Ahsen,0,0,0,0
14456,street_confrontation_punch_slice40.mp4,Jen,0,0,0,0
12566,V_892.mp4,Jen,1,1,1,1
15002,streetfight4_slice385.mp4,Lance,1,0,0,1
14496,streetfight1_slice145.mp4,Lance,2,1,1,1
3043,football_crowds__FIFA_World_Cup_The_Warriors_and_Magicians__SuperUdink__I2kOH7p48.mp4,Jen,0,0,0,0
14818,streetfight3_slice125.mp4,Alex,0,0,0,0
12690,balcony_football__Seoul_vs_Dae_Gu_Futbol_Roman_Candles__JOECORE__bbpgvaM2sxs.mp4,Lance,0,0,0,0
13598,how_to_punch_7_basics_slice110.mp4,Jen,4,0,0,1
4781,streetfight4_slice100.mp4,Alex,0,0,0,0
12715,crowd_violence__Occupy_Cal_video_Police_brutally_beat_arrest_Berkeley_students__RussiaToday__B_f06VQOkI4_slice10.mp4,Ahsen,0,0,0,0
13154,female_makeup_artist_client_slice125.mp4,Jen,0,0,0,0
15241,stunt_fights_shayna_slice140.mp4,Ahsen,4,0,1,0
12517,V_848.mp4,Lance,1,1,1,1
14813,streetfight3_slice100.mp4,Ahsen,1,0,0,0
12500,V_832.mp4,Ahsen,1,1,1,1
12935,downward_strike_punches_slice400.mp4,Ahsen,0,0,0,0
869,NV_608.mp4,Alex,0,0,0,0
14430,stop_a_douchebag_slice30.mp4,Alex,0,0,0,0
10131,French_flashmob_circle_slice115.mp4,Alex,0,0,0,0
13304,football_violence__Football_Hooligans_Manchester_City_v_Manchester_United_1989__foothool__ISt-Ir7bb3Y.mp4,Alex,0,0,0,0
10403,NV_168.mp4,Alex,0,0,0,0
11198,NV_88.mp4,Jen,0,0,0,0
12608,V_930_slice0.mp4,Alex,1,1,1,1
10376,NV_143.mp4,Lance,0,0,0,0
15141,streetfight5_slice470.mp4,Ahsen,1,0,1,0
1635,V_172.mp4,Lance,1,0,0,0
10273,HShackeysack_slice55.mp4,Ahsen,0,0,0,0
13333,greek_hooligans_vol_1__PAETHRAKI__ymAyfKkdSVU_slice0.mp4,Ahsen,0,0,0,1
11232,NV_91.mp4,Lance,0,0,0,0
2191,V_673.mp4,Alex,0,0,0,0
12922,downward_strike_punches_slice345.mp4,Lance,3,0,0,1
13675,how_to_punch_hard_fast_slice180.mp4,Ahsen,1,1,1,1
13767,how_to_strike_max_power_slice375.mp4,Alex,0,0,0,0
4075,rugby_downward_punch_slice70.mp4,Lance,0,0,0,0
1313,PutHandsUp_slice140.mp4,Lance,0,0,0,0
11895,V_351.mp4,Jen,1,1,1,0
1434,US_NC_asheville_drum_circle_slice375.mp4,Lance,0,0,0,0
13628,how_to_punch_7_basics_slice25.mp4,Alex,4,4,1,1
14765,streetfight2_slice460.mp4,Lance,0,0,0,0
12643,V_96.mp4,Ahsen,1,0,0,0
12421,V_789_slice285.mp4,Jen,0,0,0,1
14810,streetfight2_slice95.mp4,Alex,1,1,1,1
12546,V_874.mp4,Alex,1,0,1,1
11382,PutHandsUp_slice25.mp4,Jen,0,0,0,0
4688,streetfight3_slice255.mp4,Lance,0,1,0,1
14231,rugby_downward_punch_slice55.mp4,Lance,0,0,0,1
11512,US_NC_asheville_drum_circle_slice45.mp4,Ahsen,0,0,0,0
11297,NV_971.mp4,Alex,0,0,0,0
15384,traditional_dance_slice530.mp4,Lance,0,0,0,0
13808,how_to_strike_max_power_slice560.mp4,Lance,0,0,0,0
15390,traditional_dance_slice555.mp4,Ahsen,0,0,0,0
11733,V_200_slice0.mp4,Lance,1,1,1,1
11763,V_231_slice0.mp4,Jen,1,1,1,1
15083,streetfight5_slice205.mp4,Jen,0,0,0,1
5202,traditional_dance_slice400.mp4,Alex,0,0,0,0
10615,NV_356.mp4,Lance,0,0,0,0
12343,V_754.mp4,Jen,1,1,1,1
13534,hook_punch_power_slice125.mp4,Ahsen,0,0,0,0
14460,street_confrontation_punch_slice55.mp4,Ahsen,0,0,0,1
10207,HShackeysack_slice115.mp4,Jen,0,0,0,0
14857,streetfight3_slice300.mp4,Jen,0,0,0,0
1562,V_106.mp4,Alex,1,0,0,0
2776,downward_strike_punches_slice295.mp4,Jen,0,0,0,0
12322,V_734.mp4,Jen,1,0,1,1
12638,V_955_slice5.mp4,Lance,1,0,0,0
1051,NV_772.mp4,Alex,0,0,0,0
14552,streetfight1_slice40.mp4,Ahsen,1,1,1,1
13872,how_to_strike_max_power_slice850.mp4,Jen,0,0,0,1
10290,Hooligans_violence__FENERBAHCE_ULTRAS_VS_COPS_VIOLENCE_RIOT__2maxpower1453__e7Bv5fTB.mp4,Alex,1,1,1,0
13178,female_makeup_artist_client_slice70.mp4,Jen,0,0,0,0
14611,streetfight1_slice660.mp4,Ahsen,0,0,0,0
3516,how_to_punch_hard_fast_slice195.mp4,Ahsen,0,4,1,1
10204,HShackeysack_slice100.mp4,Jen,0,0,0,0
10576,NV_322.mp4,Alex,0,0,0,0
10200,French_flashmob_circle_slice90.mp4,Lance,0,0,0,0
2403,V_864.mp4,Lance,1,1,1,1
14268,short_strikes_slice220.mp4,Jen,3,3,1,1
10885,NV_600.mp4,Ahsen,0,0,0,0
14199,poor_lighting_pool_hall_punch_slice10.mp4,Ahsen,0,0,0,0
14436,stop_a_douchebag_slice55.mp4,Jen,0,0,0,0
2334,V_801.mp4,Ahsen,1,1,1,0
3303,heavy_bag_drills_slice255.mp4,Alex,3,0,0,0
10517,NV_270.mp4,Alex,0,0,0,0
13800,how_to_strike_max_power_slice525.mp4,Lance,0,0,0,0
4337,streetfight1_slice15.mp4,Lance,0,0,0,0
10839,NV_56.mp4,Jen,0,0,0,0
11323,NV_992_slice105.mp4,Jen,0,0,0,0
12284,V_7.mp4,Lance,1,3,1,0
10949,NV_659.mp4,Alex,0,0,0,0
10923,NV_635.mp4,Lance,0,0,0,0
10122,ByronBay_slice90.mp4,Ahsen,0,0,0,0
4703,streetfight3_slice325.mp4,Jen,1,1,1,1
12978,downward_strike_punches_slice595.mp4,Ahsen,3,3,1,0
14165,perfect_hook_punch_slice220.mp4,Alex,3,1,1,1
14304,short_strikes_slice385.mp4,Alex,0,0,0,0
11296,NV_970.mp4,Alex,0,0,0,0
13484,heavy_bag_drills_slice345.mp4,Jen,0,0,0,0
11692,V_165.mp4,Jen,0,1,0,1
11614,US_NC_asheville_drum_circle_slice95.mp4,Ahsen,0,0,0,0
15181,streetfight5_slice650.mp4,Lance,0,0,0,0
10198,French_flashmob_circle_slice80.mp4,Lance,0,0,0,0
13046,downward_strike_punches_slice900.mp4,Ahsen,0,0,0,0
3448,how_to_punch_7_basics_slice165.mp4,Jen,4,4,1,1
12565,V_891.mp4,Lance,1,1,1,1
13082,fans_violence__Hardcore_Supporter_Fight_Extreme_Violence_Final_Four_Volley_Praha__javierulf__jzmiAbjN6Mw_slice15.mp4,Alex,0,0,0,0
4935,streetfight5_slice25.mp4,Lance,0,0,0,0
11015,NV_718.mp4,Jen,0,0,0,0
15367,traditional_dance_slice455.mp4,Jen,0,0,0,0
15099,streetfight5_slice280.mp4,Alex,1,0,0,0
10021,Australian_flash_mob_dance_slice165.mp4,Alex,0,0,0,0
12559,V_886_slice0.mp4,Ahsen,0,1,1,1
10434,NV_196.mp4,Lance,0,0,0,0
12008,V_45.mp4,Jen,1,1,1,1
10318,Hooligans_violence__The_Best_Fans_in_the_World_Part_4_Hooligans__crvenobeli__3mXS25x.mp4,Lance,1,1,1,1
12631,V_950.mp4,Ahsen,1,1,1,1
11332,NV_992_slice15.mp4,Jen,0,0,0,0
667,NV_426.mp4,Ahsen,0,0,0,0
15235,stunt_fights_shayna_slice110.mp4,Alex,0,0,0,0
10526,NV_279.mp4,Lance,0,0,0,0
1331,PutHandsUp_slice75.mp4,Alex,0,0,0,0
15243,stunt_fights_shayna_slice15.mp4,Alex,3,1,1,1
11365,PutHandsUp_slice0.mp4,Ahsen,0,0,0,0
13054,downward_strike_punches_slice940.mp4,Lance,0,0,0,0
2865,downward_strike_punches_slice695.mp4,Ahsen,0,0,0,0
14160,perfect_hook_punch_slice20.mp4,Ahsen,0,0,0,0
2964,fast_punch_drill_slice145.mp4,Ahsen,3,3,1,1
11944,V_391.mp4,Alex,1,1,1,1
14978,streetfight4_slice275.mp4,Alex,0,0,0,0
12086,V_52_slice0.mp4,Ahsen,0,0,0,1
10688,NV_422.mp4,Jen,0,0,0,0
13870,how_to_strike_max_power_slice845.mp4,Ahsen,4,4,1,1
11531,US_NC_asheville_drum_circle_slice530.mp4,Jen,0,0,0,0
14254,short_strikes_slice155.mp4,Ahsen,3,3,1,1
11442,US_NC_asheville_drum_circle_slice130.mp4,Lance,0,0,0,0
15337,traditional_dance_slice320.mp4,Alex,0,0,0,0
14270,short_strikes_slice230.mp4,Lance,0,0,0,0
11507,US_NC_asheville_drum_circle_slice425.mp4,Jen,0,0,0,0
10387,NV_153.mp4,Ahsen,0,0,0,0
5204,traditional_dance_slice410.mp4,Ahsen,0,0,0,0
12581,V_904_slice0.mp4,Ahsen,1,1,1,1
12444,V_789_slice50.mp4,Jen,1,1,1,1
4167,short_strikes_slice485.mp4,Lance,0,0,0,1
13373,groomsmen_dance_slice265.mp4,Lance,0,0,0,0
10305,Hooligans_violence__Fuck_police_Let_s_riot__tigerland2222__Q2k-ZHCZBAk.mp4,Jen,1,1,1,0
14517,streetfight1_slice240.mp4,Lance,1,0,1,1
13490,heavy_bag_drills_slice370.mp4,Ahsen,3,3,1,1
12407,V_789_slice220.mp4,Alex,0,0,0,0
14799,streetfight2_slice610.mp4,Ahsen,0,0,0,0
14821,streetfight3_slice140.mp4,Alex,0,0,0,0
10992,NV_698.mp4,Alex,0,0,0,0
14785,streetfight2_slice55.mp4,Ahsen,0,0,0,1
12063,V_5.mp4,Ahsen,0,0,0,0
13389,groomsmen_dance_slice340.mp4,Ahsen,0,0,0,0
15014,streetfight4_slice440.mp4,Alex,1,1,1,1
13968,marine_punches_navy_corpsman_slice0.mp4,Lance,0,0,0,0
14901,streetfight3_slice50.mp4,Ahsen,0,0,0,0
5152,traditional_dance_slice175.mp4,Alex,0,0,0,0
12679,V_993.mp4,Jen,1,0,0,1
10631,NV_370.mp4,Jen,0,0,0,0
2647,downward_strike_punches_slice1195.mp4,Ahsen,0,0,0,0
12815,downward_strike_punches_slice1345.mp4,Lance,0,0,0,0
11818,V_284_slice0.mp4,Alex,1,1,1,0
15036,streetfight4_slice535.mp4,Ahsen,0,0,0,1
15386,traditional_dance_slice540.mp4,Lance,0,0,0,0
11371,PutHandsUp_slice120.mp4,Lance,0,0,0,0
10410,NV_174.mp4,Ahsen,0,0,0,0
12012,V_453.mp4,Alex,1,0,1,1
10676,NV_411.mp4,Alex,0,0,0,0
10729,NV_460.mp4,Ahsen,0,0,0,0
3327,heavy_bag_drills_slice365.mp4,Lance,3,3,1,1
11259,NV_935.mp4,Lance,0,0,0,0
14789,streetfight2_slice565.mp4,Ahsen,0,0,0,0
13963,male_makeup_artist_client_slice75.mp4,Jen,0,0,0,0
11782,V_248.mp4,Ahsen,1,1,1,1
13885,kicks_line_dance_slice125.mp4,Jen,0,0,0,0
11652,V_132_slice0.mp4,Ahsen,1,1,1,0
12913,downward_strike_punches_slice300.mp4,Ahsen,3,3,1,1
12170,V_598_slice0.mp4,Ahsen,0,0,0,1
15267,teen_punches_officer_slice100.mp4,Alex,0,0,0,0
3163,football_violence__english_football_hooligans__ohnoherewego1234__ydTykaGO-Dg.mp4,Lance,1,0,1,1
14610,streetfight1_slice655.mp4,Alex,0,0,0,0
10026,Australian_flash_mob_dance_slice190.mp4,Jen,0,0,0,0
3226,groomsmen_dance_slice335.mp4,Alex,0,0,0,0
4175,short_strikes_slice515.mp4,Alex,0,0,0,0
11131,NV_819.mp4,Ahsen,0,0,0,0
11283,NV_959.mp4,Ahsen,0,0,0,0
10947,NV_657.mp4,Ahsen,0,0,0,0
10336,NV_108.mp4,Lance,0,0,0,0
13303,football_violence__Football_Hooligans_Man_City_v_Man_United_1989__lancashirelads__r.mp4,Alex,0,0,0,1
10117,ByronBay_slice65.mp4,Ahsen,0,0,0,0
13430,heavy_bag_drills_slice10.mp4,Alex,0,0,0,0
12338,V_75.mp4,Jen,1,1,1,1
3800,male_makeup_artist_client_slice65.mp4,Ahsen,0,0,0,0
12637,V_955_slice0.mp4,Alex,1,1,1,1
11639,V_12.mp4,Ahsen,1,1,1,1
12158,V_586_slice0.mp4,Ahsen,1,0,1,0
14459,street_confrontation_punch_slice50.mp4,Jen,0,0,0,0
10480,NV_237.mp4,Ahsen,0,0,0,0
11735,V_202_slice0.mp4,Jen,0,0,0,0
12833,downward_strike_punches_slice1425.mp4,Alex,3,3,1,1
13143,fast_punch_drill_slice80.mp4,Jen,0,0,0,0
12291,V_705.mp4,Lance,0,0,0,0
10699,NV_432.mp4,Jen,0,0,0,0
14242,short_strikes_slice100.mp4,Lance,3,3,1,1
15203,streetfight5_slice750.mp4,Alex,0,0,0,0
12029,V_468.mp4,Jen,0,0,0,1
10332,NV_104.mp4,Ahsen,0,0,0,0
14291,short_strikes_slice325.mp4,Alex,3,3,1,1
13237,football_crowds_cheering__Jaguars_vs_Broncos_in_HD__misspfaff__LPM8ONCnh2g.mp4,Jen,0,0,0,0
10408,NV_172.mp4,Jen,0,0,0,0
11435,US_NC_asheville_drum_circle_slice10.mp4,Alex,0,0,0,0
11212,NV_892.mp4,Alex,0,0,0,0
12238,V_658.mp4,Lance,0,0,0,0
3573,how_to_strike_max_power_slice230.mp4,Ahsen,0,0,0,0
2372,V_836.mp4,Alex,1,1,1,1
15363,traditional_dance_slice440.mp4,Lance,0,0,0,0
10791,NV_516.mp4,Lance,0,0,0,0
10717,NV_449.mp4,Jen,0,0,0,0
13671,how_to_punch_hard_fast_slice160.mp4,Lance,1,4,1,1
14136,peaceful_football_crowds__MaximsNewsNetwork_SUDAN_ELECTIONS_YASIR_ARMAN_OMAR_AL_BASHIR_UNM.mp4,Ahsen,0,0,0,0
13220,football_crowds_cheering__Cheering_EAHS_JV_Win__GoAlvarezEagles__Ya-N2JawEyc.mp4,Ahsen,0,0,0,0
15322,traditional_dance_slice250.mp4,Jen,0,0,0,0
13607,how_to_punch_7_basics_slice150.mp4,Alex,4,4,1,1
11688,V_161.mp4,Alex,1,1,1,1
13435,heavy_bag_drills_slice120.mp4,Alex,3,3,1,1
15195,streetfight5_slice715.mp4,Ahsen,0,0,0,0
11948,V_395.mp4,Alex,0,0,0,0
11962,V_408.mp4,Alex,1,1,1,1
205,HShackeysack_slice135.mp4,Jen,0,0,0,0
10462,NV_220.mp4,Lance,0,0,0,0
14418,stadium_violence__soccer_riot_compilation__qqcolaman__URwiZLZipeg.mp4,Jen,1,1,1,1
12042,V_480.mp4,Ahsen,1,1,1,1
14279,short_strikes_slice270.mp4,Alex,0,0,0,0
11167,NV_851.mp4,Jen,0,0,0,0
11163,NV_848.mp4,Jen,0,0,0,0
10880,NV_597.mp4,Ahsen,0,0,0,0
14733,streetfight2_slice310.mp4,Jen,1,1,1,0
12572,V_898.mp4,Alex,1,1,1,1
13541,hook_punch_power_slice155.mp4,Ahsen,3,0,1,1
10099,ByronBay_slice220.mp4,Ahsen,0,0,0,0
2282,V_755.mp4,Jen,1,0,1,1
10584,NV_33.mp4,Jen,0,0,0,0
3086,football_crowds_cheering__I_O_W_A__temery16__EDS_jct18FA.mp4,Ahsen,0,0,0,0
11952,V_4.mp4,Jen,0,0,0,0
2493,V_945.mp4,Jen,1,1,1,1
14421,stop_a_douchebag_slice10.mp4,Alex,0,0,0,0
11020,NV_722.mp4,Ahsen,0,0,0,0
15369,traditional_dance_slice465.mp4,Jen,0,0,0,0
14822,streetfight3_slice145.mp4,Lance,0,0,0,0
12976,downward_strike_punches_slice585.mp4,Lance,3,3,1,1
12355,V_765.mp4,Alex,1,1,1,0
11830,V_296.mp4,Alex,1,1,1,1
3685,how_to_strike_max_power_slice735.mp4,Lance,0,0,0,0
11828,V_294.mp4,Jen,1,1,1,1
14904,streetfight3_slice510.mp4,Lance,1,0,0,1
1019,NV_743.mp4,Lance,0,0,0,0
14353,short_strikes_slice600.mp4,Jen,0,3,0,0
10804,NV_528.mp4,Jen,0,0,0,0
11067,NV_761_slice5.mp4,Lance,0,0,0,0
14170,perfect_hook_punch_slice245.mp4,Alex,4,4,1,1
13682,how_to_punch_hard_fast_slice210.mp4,Lance,0,0,0,0
11102,NV_793.mp4,Jen,0,0,0,0
12574,V_9.mp4,Jen,1,0,1,0
13901,kicks_line_dance_slice25.mp4,Jen,0,0,0,0
13410,groomsmen_dance_slice5.mp4,Jen,0,0,0,0
14263,short_strikes_slice20.mp4,Lance,0,0,0,0
11245,NV_921.mp4,Jen,0,0,0,0
12626,V_946.mp4,Lance,0,0,0,1
14098,outdoorHShackeysack_slice280.mp4,Jen,0,0,0,0
14046,mitt_drill_slice85.mp4,Ahsen,0,0,0,1
11229,NV_907.mp4,Ahsen,0,0,0,0
11943,V_390.mp4,Ahsen,1,1,1,1
11546,US_NC_asheville_drum_circle_slice60.mp4,Jen,0,0,0,0
2824,downward_strike_punches_slice505.mp4,Lance,0,0,0,0
4360,streetfight1_slice250.mp4,Alex,1,1,1,1
14894,streetfight3_slice470.mp4,Lance,0,0,0,0
12372,V_781.mp4,Lance,1,1,1,1
11819,V_285_slice0.mp4,Ahsen,1,1,1,1
12374,V_783.mp4,Lance,1,1,1,1
11405,SouthAmericanDrumline_slice125.mp4,Alex,0,0,0,0
13586,hook_punch_power_slice60.mp4,Alex,0,0,0,0
10793,NV_518.mp4,Jen,0,0,0,0
12481,V_814.mp4,Jen,0,1,0,1
10558,NV_306.mp4,Jen,0,0,0,0
2618,downward_strike_punches_slice1060.mp4,Lance,3,3,1,1
15232,stunt_fights_shayna_slice10.mp4,Alex,4,0,0,1
13928,male_makeup_artist_client_slice145.mp4,Ahsen,0,0,0,0
15354,traditional_dance_slice40.mp4,Jen,0,0,0,0
13719,how_to_strike_max_power_slice155.mp4,Alex,0,0,0,0
11961,V_407.mp4,Jen,1,0,1,1
796,NV_542.mp4,Jen,0,0,0,0
2822,downward_strike_punches_slice50.mp4,Alex,0,0,0,0
13043,downward_strike_punches_slice890.mp4,Jen,0,0,0,0
12963,downward_strike_punches_slice525.mp4,Alex,0,0,0,0
12466,V_80_slice0.mp4,Alex,1,0,1,1
13357,groomsmen_dance_slice195.mp4,Alex,0,0,0,0
15018,streetfight4_slice455.mp4,Lance,0,0,0,0
12783,downward_strike_punches_slice120.mp4,Jen,0,0,0,0
11696,V_169.mp4,Alex,1,1,1,1
3683,how_to_strike_max_power_slice725.mp4,Alex,0,0,0,0
1181,NV_89.mp4,Alex,0,0,0,0
13768,how_to_strike_max_power_slice380.mp4,Jen,0,0,0,0
14388,stadium_crowds__Bowman_Gray_New_Tourist_Destination__WXIItv__FIdbB90Dr2o.mp4,Lance,0,0,0,0
11122,NV_810.mp4,Lance,0,0,0,0
4226,stadium_crowds__Bands_talk_about_their_influences_from_Punk_s_Not_Dead__PNDmovie.mp4,Lance,1,0,1,0
12330,V_741.mp4,Alex,1,1,1,1
14372,soccer_violence__Chinese_kungfu_soccer__crazyzibe__Gsrc7AXC_kI_slice10.mp4,Lance,0,0,0,1
13118,fast_punch_drill_slice160.mp4,Ahsen,3,3,1,1
12526,V_856.mp4,Alex,1,1,1,1
12258,V_676.mp4,Lance,0,0,0,1
11031,NV_732_slice0.mp4,Jen,0,0,0,0
10854,NV_573.mp4,Ahsen,0,0,0,0
12759,downward_strike_punches_slice1090.mp4,Jen,0,0,0,0
13611,how_to_punch_7_basics_slice170.mp4,Lance,4,4,1,1
695,NV_451.mp4,Jen,0,0,0,0
10833,NV_554.mp4,Jen,0,0,0,0
11558,US_NC_asheville_drum_circle_slice650.mp4,Ahsen,0,0,0,0
10909,NV_622.mp4,Alex,0,0,0,0
10194,French_flashmob_circle_slice60.mp4,Ahsen,0,0,0,0
13795,how_to_strike_max_power_slice500.mp4,Jen,0,0,0,0
14839,streetfight3_slice220.mp4,Lance,0,0,0,0
15224,student_teacher_greetings_slice40.mp4,Jen,0,0,0,0
15316,traditional_dance_slice225.mp4,Lance,0,0,0,0
2006,V_506.mp4,Alex,0,0,0,1
13998,mitt_drill_slice180.mp4,Jen,0,0,0,0
11909,V_360_slice5.mp4,Ahsen,0,0,0,0
4374,streetfight1_slice315.mp4,Ahsen,0,0,0,1
13133,fast_punch_drill_slice35.mp4,Ahsen,0,0,0,0
12808,downward_strike_punches_slice1310.mp4,Ahsen,0,0,0,0
11356,NV_993.mp4,Lance,0,0,0,0
15172,streetfight5_slice610.mp4,Alex,1,0,0,0
13900,kicks_line_dance_slice20.mp4,Lance,0,0,0,0
12862,downward_strike_punches_slice1550.mp4,Ahsen,0,0,0,0
13665,how_to_punch_hard_fast_slice135.mp4,Lance,4,2,1,1
12904,downward_strike_punches_slice260.mp4,Alex,0,0,0,0
4282,stop_a_douchebag_slice85.mp4,Ahsen,0,0,0,0
11352,NV_992_slice80.mp4,Jen,0,0,0,0
10863,NV_581.mp4,Jen,0,0,0,0
12936,downward_strike_punches_slice405.mp4,Ahsen,0,0,0,0
15118,streetfight5_slice365.mp4,Ahsen,0,0,0,0
13481,heavy_bag_drills_slice330.mp4,Ahsen,0,0,0,0
1981,V_484.mp4,Lance,0,1,1,1
11402,SouthAmericanDrumline_slice110.mp4,Jen,0,0,0,0
11997,V_44.mp4,Lance,1,0,1,1
10081,ByronBay_slice140.mp4,Lance,0,0,0,0
10995,NV_70.mp4,Jen,0,0,0,0
14132,parents_hip_hop_slice80.mp4,Lance,0,0,0,0
15149,streetfight5_slice500.mp4,Jen,1,0,1,0
1762,V_287.mp4,Jen,1,1,1,1
2804,downward_strike_punches_slice420.mp4,Alex,3,3,1,1
12905,downward_strike_punches_slice265.mp4,Alex,0,0,0,0
10303,Hooligans_violence__Football_hooligans_Reading_Swansea_1993__MrSmasherlad__9I7MpDQc82k_slice5.mp4,Lance,0,0,0,1
11445,US_NC_asheville_drum_circle_slice145.mp4,Lance,0,0,0,0
10561,NV_309.mp4,Ahsen,0,0,0,0
13162,female_makeup_artist_client_slice160.mp4,Alex,0,0,0,0
10604,NV_347.mp4,Lance,0,0,0,0
10941,NV_651.mp4,Alex,0,0,0,0
14072,outdoorHShackeysack_slice160.mp4,Alex,0,1,1,0
14971,streetfight4_slice245.mp4,Lance,0,0,0,0
13983,mitt_drill_slice110.mp4,Lance,0,0,0,1
10850,NV_57.mp4,Alex,0,0,0,0
14063,outdoorHShackeysack_slice120.mp4,Jen,0,0,0,0
13300,football_violence__Football_Hooligans_Hull_Pub_Brawl_News_Report__lancashirelads__--3xfJHXlOc_slice0.mp4,Lance,0,0,0,1
11127,NV_815.mp4,Ahsen,0,0,0,0
15067,streetfight5_slice135.mp4,Jen,0,0,0,0
12496,V_828.mp4,Ahsen,1,1,1,1
3392,hook_punch_power_slice215.mp4,Ahsen,4,4,1,1
12875,downward_strike_punches_slice1610.mp4,Alex,0,0,0,1
11693,V_166.mp4,Ahsen,1,1,1,1
11466,US_NC_asheville_drum_circle_slice240.mp4,Ahsen,0,0,0,0
10147,French_flashmob_circle_slice190.mp4,Jen,0,0,0,0
12915,downward_strike_punches_slice310.mp4,Jen,0,0,0,0
10234,HShackeysack_slice240.mp4,Lance,0,0,0,0
15088,streetfight5_slice230.mp4,Ahsen,1,1,1,1
14239,rugby_downward_punch_slice95.mp4,Jen,0,0,0,0
12341,V_752.mp4,Ahsen,1,1,1,1
11269,NV_946.mp4,Alex,0,0,0,0
12519,V_85.mp4,Jen,1,1,1,1
10560,NV_308.mp4,Lance,0,0,0,0
5137,traditional_dance_slice105.mp4,Alex,0,0,0,0
14828,streetfight3_slice170.mp4,Ahsen,0,0,0,0
10260,HShackeysack_slice355.mp4,Jen,0,0,0,0
14319,short_strikes_slice450.mp4,Lance,0,0,0,0
11013,NV_716.mp4,Alex,0,0,0,0
13698,how_to_punch_hard_fast_slice65.mp4,Jen,2,4,1,1
10973,NV_680.mp4,Alex,0,0,0,0
11607,US_NC_asheville_drum_circle_slice875.mp4,Lance,0,0,0,0
11474,US_NC_asheville_drum_circle_slice275.mp4,Lance,0,0,0,0
12882,downward_strike_punches_slice1645.mp4,Alex,0,3,0,0
11707,V_178.mp4,Ahsen,1,1,1,0
12321,V_733.mp4,Ahsen,2,1,1,0
15087,streetfight5_slice225.mp4,Alex,1,1,1,1
3824,mitt_drill_slice120.mp4,Alex,0,3,1,1
12234,V_654.mp4,Jen,0,0,0,1
13028,downward_strike_punches_slice820.mp4,Alex,0,0,0,1
10652,NV_390.mp4,Jen,0,0,0,0
15382,traditional_dance_slice520.mp4,Jen,0,0,0,0
14726,streetfight2_slice280.mp4,Alex,1,0,0,0
13938,male_makeup_artist_client_slice190.mp4,Ahsen,0,0,0,0
3851,mitt_drill_slice245.mp4,Lance,3,0,0,1
15204,streetfight5_slice755.mp4,Jen,0,0,0,0
12770,downward_strike_punches_slice1140.mp4,Alex,0,0,0,0
13421,group_violence__group_violence__football_violence__aliiie__qfKD35PYwok.mp4,Ahsen,1,1,1,1
14323,short_strikes_slice470.mp4,Alex,0,0,0,0
15139,streetfight5_slice460.mp4,Jen,0,0,0,0
13070,fans_violence__F_GHT_S_MORE_MPORTANT_THAN_FOOTBALL_sometimes__shevchenko776__9a616Ppoeak.mp4,Lance,0,0,0,1
10781,NV_507.mp4,Alex,0,0,0,0
14446,street_confrontation_punch_slice10.mp4,Ahsen,0,0,0,0
13749,how_to_strike_max_power_slice295.mp4,Jen,0,0,0,0
15185,streetfight5_slice670.mp4,Lance,0,0,0,0
14744,streetfight2_slice365.mp4,Ahsen,0,0,0,0
14406,stadium_crowds__MaximsNewsNetwork_ITALY_SPORT_SECURITY_UN__MaximsNewsNetwork__C-.mp4,Lance,0,0,0,0
11810,V_276_slice0.mp4,Alex,1,1,1,1
14851,streetfight3_slice275.mp4,Ahsen,0,0,0,0
14767,streetfight2_slice470.mp4,Jen,0,0,0,0
12260,V_678.mp4,Ahsen,0,0,0,0
3703,how_to_strike_max_power_slice815.mp4,Lance,0,0,0,0
12984,downward_strike_punches_slice620.mp4,Ahsen,0,0,0,0
11473,US_NC_asheville_drum_circle_slice270.mp4,Ahsen,0,0,0,0
12480,V_813_slice0.mp4,Jen,1,0,1,0
649,NV_41.mp4,Lance,0,0,0,0
10727,NV_459.mp4,Ahsen,0,0,0,0
10753,NV_482.mp4,Lance,0,0,0,0
11732,V_20.mp4,Alex,1,1,1,1
994,NV_720.mp4,Lance,0,0,0,0
11177,NV_860.mp4,Alex,0,0,0,0
11935,V_383.mp4,Ahsen,0,0,0,0
4646,streetfight2_slice70.mp4,Lance,0,0,0,0
14288,short_strikes_slice310.mp4,Lance,3,3,1,1
14569,streetfight1_slice475.mp4,Jen,0,0,0,0
11987,V_430.mp4,Alex,1,1,1,1
14043,mitt_drill_slice70.mp4,Lance,3,3,1,1
14832,streetfight3_slice190.mp4,Alex,0,0,0,1
14296,short_strikes_slice35.mp4,Jen,0,0,0,0
11503,US_NC_asheville_drum_circle_slice405.mp4,Ahsen,0,0,0,0
11373,PutHandsUp_slice130.mp4,Jen,0,0,0,0
14232,rugby_downward_punch_slice60.mp4,Lance,0,0,0,1
12552,V_88.mp4,Ahsen,0,0,0,1
14230,rugby_downward_punch_slice50.mp4,Ahsen,0,0,0,0
11785,V_250.mp4,Lance,1,1,1,1
10022,Australian_flash_mob_dance_slice170.mp4,Ahsen,0,0,0,0
12130,V_560_slice0.mp4,Alex,1,0,1,1
10167,French_flashmob_circle_slice280.mp4,Ahsen,0,0,0,0
11406,SouthAmericanDrumline_slice130.mp4,Lance,0,0,0,0
14358,short_strikes_slice625.mp4,Alex,3,3,1,0
12741,downward_strike_punches_slice1005.mp4,Lance,0,0,0,0
14487,streetfight1_slice1070.mp4,Jen,1,0,0,1
12033,V_471.mp4,Alex,1,1,1,0
15257,stunt_fights_shayna_slice60.mp4,Ahsen,3,0,0,0
11960,V_406.mp4,Alex,0,1,1,1
3057,football_crowds__Spain_World_Cup_team_receives_hero_s_welcome__timesofearth__Pz3z.mp4,Alex,0,0,0,0
4505,streetfight1_slice905.mp4,Lance,0,0,0,0
10886,NV_601.mp4,Alex,0,0,0,0
4292,street_confrontation_punch_slice20.mp4,Ahsen,0,0,0,0
14467,street_confrontation_punch_slice90.mp4,Jen,0,0,0,0
14658,streetfight1_slice875.mp4,Alex,0,0,0,1
14262,short_strikes_slice195.mp4,Lance,3,0,0,1
11740,V_21_slice0.mp4,Alex,1,1,1,1
14049,obama_fist_bumps_slice0.mp4,Lance,0,0,0,0
10053,Australian_flash_mob_dance_slice45.mp4,Jen,0,0,0,0
11096,NV_788.mp4,Alex,0,0,0,0
419,NV_202.mp4,Alex,0,0,0,0
1220,NV_924.mp4,Alex,0,0,0,0
14593,streetfight1_slice580.mp4,Lance,0,0,0,0
11807,V_273.mp4,Ahsen,1,0,0,1
13384,groomsmen_dance_slice315.mp4,Lance,0,0,0,0
12069,V_504_slice0.mp4,Alex,0,0,0,0
14203,poor_lighting_pool_hall_punch_slice30.mp4,Ahsen,0,0,0,0
3404,hook_punch_power_slice270.mp4,Alex,0,0,0,0
12761,downward_strike_punches_slice110.mp4,Alex,0,0,0,0
10506,NV_260.mp4,Ahsen,0,0,0,0
14140,perfect_hook_punch_slice105.mp4,Ahsen,4,0,0,0
13512,heavy_bag_drills_slice470.mp4,Alex,0,0,0,0
14762,streetfight2_slice45.mp4,Ahsen,0,0,0,0
15191,streetfight5_slice70.mp4,Ahsen,0,0,0,0
14743,streetfight2_slice360.mp4,Jen,0,0,0,0
15023,streetfight4_slice480.mp4,Jen,0,0,0,0
13441,heavy_bag_drills_slice15.mp4,Lance,0,0,0,0
15039,streetfight4_slice55.mp4,Lance,0,0,0,1
12102,V_534_slice0.mp4,Jen,1,0,0,1
15030,streetfight4_slice505.mp4,Lance,0,0,0,0
15395,traditional_dance_slice580.mp4,Jen,0,0,0,0
10334,NV_106.mp4,Ahsen,0,0,0,0
15331,traditional_dance_slice295.mp4,Ahsen,0,0,0,0
887,NV_624.mp4,Jen,0,0,0,0
2540,V_988.mp4,Lance,1,0,1,1
4345,streetfight1_slice185.mp4,Jen,1,0,0,0
14621,streetfight1_slice705.mp4,Alex,0,0,0,0
14246,short_strikes_slice120.mp4,Ahsen,0,0,0,0
13486,heavy_bag_drills_slice350.mp4,Alex,3,0,0,1
10220,HShackeysack_slice175.mp4,Lance,0,0,0,0
14481,streetfight1_slice1045.mp4,Jen,1,1,1,1
13418,groomsmen_dance_slice85.mp4,Jen,0,0,0,0
11428,SouthAmericanDrumline_slice70.mp4,Alex,0,0,0,0
13693,how_to_punch_hard_fast_slice45.mp4,Ahsen,0,0,0,0
1769,V_293.mp4,Jen,1,0,1,1
3544,how_to_strike_max_power_slice10.mp4,Alex,0,0,0,0
11337,NV_992_slice170.mp4,Alex,0,0,0,0
12861,downward_strike_punches_slice155.mp4,Lance,0,0,0,0
11833,V_299_slice0.mp4,Alex,1,1,1,1
14705,streetfight2_slice185.mp4,Lance,0,0,0,1
1565,V_109.mp4,Lance,1,0,0,1
15344,traditional_dance_slice350.mp4,Jen,0,0,0,0
15207,streetfight5_slice770.mp4,Jen,0,1,1,1
10666,NV_402.mp4,Jen,0,0,0,0
13714,how_to_strike_max_power_slice135.mp4,Jen,0,0,0,0
10646,NV_384.mp4,Jen,0,0,0,0
4008,perfect_hook_punch_slice230.mp4,Jen,0,0,0,0
4085,short_strikes_slice110.mp4,Alex,0,0,0,0
11694,V_167.mp4,Lance,0,0,0,1
14878,streetfight3_slice40.mp4,Lance,0,0,0,0
10593,NV_338_slice0.mp4,Ahsen,0,0,0,0
11369,PutHandsUp_slice110.mp4,Alex,0,0,0,0
14588,streetfight1_slice555.mp4,Jen,1,1,1,1
14376,soccer_violence__Football_Hooligans_Preston_North_End_Mix__prestonparasoccer__qwr.mp4,Alex,1,1,1,1
10491,NV_247.mp4,Lance,0,0,0,0
14346,short_strikes_slice570.mp4,Alex,0,0,0,0
747,NV_499.mp4,Jen,1,0,0,0
10112,ByronBay_slice45.mp4,Alex,0,0,0,0
11971,V_415.mp4,Alex,1,1,1,1
12888,downward_strike_punches_slice190.mp4,Alex,3,3,1,1
3524,how_to_punch_hard_fast_slice230.mp4,Jen,0,0,0,0
11195,NV_877.mp4,Alex,0,0,0,0
15086,streetfight5_slice220.mp4,Jen,1,1,1,1
13734,how_to_strike_max_power_slice225.mp4,Lance,0,0,0,0
12868,downward_strike_punches_slice1580.mp4,Ahsen,0,0,0,0
13032,downward_strike_punches_slice840.mp4,Jen,0,0,0,0
10019,Australian_flash_mob_dance_slice155.mp4,Lance,0,0,0,0
11956,V_402.mp4,Alex,1,0,1,0
4064,rugby_downward_punch_slice20.mp4,Lance,0,0,0,1
14039,mitt_drill_slice50.mp4,Ahsen,0,0,0,0
3743,kicks_line_dance_slice40.mp4,Alex,0,0,0,0
10252,HShackeysack_slice320.mp4,Ahsen,0,0,0,0
676,NV_434.mp4,Lance,0,0,0,1
363,NV_152.mp4,Lance,0,0,0,0
12270,V_687.mp4,Jen,0,0,0,1
10048,Australian_flash_mob_dance_slice290.mp4,Lance,0,0,0,0
11366,PutHandsUp_slice10.mp4,Jen,0,0,0,0
2643,downward_strike_punches_slice1175.mp4,Alex,0,0,0,1
3313,heavy_bag_drills_slice300.mp4,Ahsen,3,3,1,1
11032,NV_732_slice5.mp4,Jen,0,0,0,0
12116,V_547_slice0.mp4,Lance,0,0,0,0
10304,Hooligans_violence__Footballs_Blood_Sport_prt2__Tramppercy__P9a6qZ3r90k.mp4,Jen,1,0,1,0
12267,V_684.mp4,Jen,0,0,0,0
14577,streetfight1_slice505.mp4,Alex,0,0,0,0
12491,V_824.mp4,Alex,1,1,1,1
3276,heavy_bag_drills_slice135.mp4,Lance,4,0,0,0
11631,V_112.mp4,Lance,0,0,0,1
15056,streetfight4_slice90.mp4,Ahsen,1,0,0,0
10596,NV_34.mp4,Lance,0,0,0,0
15135,streetfight5_slice445.mp4,Lance,0,0,0,0
12459,V_794.mp4,Jen,0,0,0,0
12318,V_730.mp4,Alex,1,1,1,0
10508,NV_262.mp4,Alex,0,0,0,0
2633,downward_strike_punches_slice1130.mp4,Ahsen,0,0,0,0
11986,V_43.mp4,Alex,0,1,1,0
11737,V_206_slice0.mp4,Lance,1,1,1,1
12051,V_489.mp4,Alex,1,1,1,1
5271,women_fight_smoke_shop_slice40.mp4,Ahsen,0,0,0,0
4512,streetfight1_slice940.mp4,Alex,0,0,0,0
14855,streetfight3_slice295.mp4,Alex,0,0,0,0
14186,perfect_hook_punch_slice45.mp4,Alex,0,0,0,0
15160,streetfight5_slice550.mp4,Jen,0,0,0,0
12263,V_680.mp4,Lance,0,0,0,0
11825,V_291.mp4,Ahsen,1,1,1,0
12701,councilman_protesters_argue_slice15.mp4,Alex,0,0,0,0
4304,street_confrontation_punch_slice75.mp4,Alex,0,0,0,0
12707,councilman_protesters_argue_slice45.mp4,Ahsen,0,0,0,0
14596,streetfight1_slice595.mp4,Alex,0,0,0,0
10285,Hooligans_violence__ACHTUNG_skinheads_hooligans__WHITENGEL1488__H2xnId9vOo0.mp4,Ahsen,1,1,1,1
668,NV_427.mp4,Ahsen,0,0,0,0
12933,downward_strike_punches_slice395.mp4,Jen,0,0,0,0
15230,student_teacher_greetings_slice65.mp4,Lance,0,0,0,0
14600,streetfight1_slice610.mp4,Ahsen,0,0,0,0
11979,V_422_slice0.mp4,Lance,1,1,1,1
13034,downward_strike_punches_slice85.mp4,Jen,3,0,0,1
11216,NV_896.mp4,Jen,0,0,0,0
13006,downward_strike_punches_slice720.mp4,Ahsen,0,0,0,0
15234,stunt_fights_shayna_slice105.mp4,Jen,0,4,1,1
2863,downward_strike_punches_slice685.mp4,Lance,0,0,0,0
10276,HShackeysack_slice70.mp4,Ahsen,0,1,0,0
10530,NV_282.mp4,Ahsen,0,0,0,0
15309,traditional_dance_slice195.mp4,Ahsen,0,0,0,0
2436,V_894.mp4,Alex,1,1,1,0
12309,V_722.mp4,Lance,0,1,0,1
10658,NV_396.mp4,Alex,0,0,0,0
11051,NV_748.mp4,Jen,0,0,0,0
12241,V_660.mp4,Alex,0,0,0,0
15314,traditional_dance_slice215.mp4,Lance,0,0,0,0
356,NV_146.mp4,Lance,0,0,0,0
14685,streetfight2_slice0.mp4,Jen,1,0,0,1
1493,US_NC_asheville_drum_circle_slice640.mp4,Lance,0,0,0,0
13960,male_makeup_artist_client_slice60.mp4,Lance,0,0,0,0
14592,streetfight1_slice575.mp4,Jen,0,0,0,1
10321,La_cara_de_la_Violencia__soygonzalinho__GZhruAcf0q8_slice10.mp4,Lance,1,1,1,1
11871,V_330.mp4,Lance,1,1,1,1
11866,V_325_slice0.mp4,Jen,1,1,1,1
3880,mitt_drill_slice55.mp4,Alex,0,0,0,0
11219,NV_899.mp4,Jen,0,0,0,0
11817,V_283_slice0.mp4,Ahsen,1,1,1,1
15190,streetfight5_slice695.mp4,Alex,0,0,0,0
13462,heavy_bag_drills_slice245.mp4,Jen,0,0,0,0
10375,NV_142.mp4,Jen,0,0,0,0
14972,streetfight4_slice25.mp4,Alex,0,0,0,0
1210,NV_915.mp4,Alex,0,0,0,0
10082,ByronBay_slice145.mp4,Ahsen,0,0,0,0
11975,V_419.mp4,Lance,1,1,1,1
14038,mitt_drill_slice45.mp4,Alex,0,0,0,0
812,NV_557.mp4,Jen,0,0,0,0
10550,NV_3.mp4,Ahsen,0,0,0,0
1185,NV_893.mp4,Jen,0,0,0,0
15210,streetfight5_slice785.mp4,Alex,0,0,0,0
11338,NV_992_slice175.mp4,Jen,0,0,0,0
13144,fast_punch_drill_slice85.mp4,Lance,0,0,0,0
371,NV_16.mp4,Jen,0,0,0,0
10407,NV_171.mp4,Alex,0,0,0,0
11921,V_372.mp4,Jen,0,0,0,0
4866,streetfight4_slice490.mp4,Ahsen,0,0,0,0
14653,streetfight1_slice850.mp4,Jen,0,0,0,0
14645,streetfight1_slice815.mp4,Lance,0,0,0,0
10270,HShackeysack_slice45.mp4,Ahsen,0,0,0,0
570,NV_339.mp4,Jen,0,1,0,0
10749,NV_479.mp4,Ahsen,0,0,0,0
517,NV_291.mp4,Jen,0,0,0,0
14966,streetfight4_slice220.mp4,Ahsen,0,0,0,0
12605,V_927.mp4,Lance,1,1,1,1
14907,streetfight3_slice525.mp4,Jen,1,1,1,1
11392,PutHandsUp_slice70.mp4,Lance,0,0,0,1
10887,NV_602.mp4,Jen,0,0,0,0
10357,NV_127.mp4,Alex,0,0,0,0
3081,football_crowds_cheering__Goldfellas_GT_vs_Maryland_1999_Crowd_Shot__tonyanddanielleoliva__xiCWDdaUSbg.mp4,Jen,0,0,0,0
1429,US_NC_asheville_drum_circle_slice350.mp4,Jen,0,0,0,0
1038,NV_760.mp4,Jen,0,0,0,0
12447,V_789_slice65.mp4,Alex,0,0,0,0
13298,football_violence__Football_Hooligans_Finland_v_Russia_World_Cup_Qualifier_June_2009__lancashirelads__SmxsnplMtb8.mp4,Jen,0,0,0,1
10036,Australian_flash_mob_dance_slice235.mp4,Alex,0,0,0,0
11121,NV_81.mp4,Lance,0,0,0,0
12216,V_638.mp4,Lance,1,1,1,1
14871,streetfight3_slice365.mp4,Alex,0,0,0,0
14307,short_strikes_slice40.mp4,Lance,0,0,0,0
12288,V_702.mp4,Lance,0,0,0,0
15336,traditional_dance_slice315.mp4,Ahsen,0,0,0,0
11815,V_280_slice0.mp4,Alex,1,0,1,0
3398,hook_punch_power_slice245.mp4,Jen,4,0,0,0
4988,streetfight5_slice490.mp4,Jen,0,0,0,0
13400,groomsmen_dance_slice390.mp4,Lance,0,0,0,0
12294,V_709.mp4,Lance,0,0,0,0
14727,streetfight2_slice285.mp4,Alex,1,0,1,1
15361,traditional_dance_slice430.mp4,Lance,0,0,0,0
10969,NV_677.mp4,Ahsen,0,0,0,0
5120,teen_punches_officer_slice35.mp4,Alex,0,0,0,0
13737,how_to_strike_max_power_slice240.mp4,Alex,0,0,0,0
14209,rugby_downward_punch_slice0.mp4,Alex,1,0,0,0
1031,NV_754.mp4,Jen,0,0,0,0
12646,V_962.mp4,Alex,0,0,0,0
14769,streetfight2_slice480.mp4,Lance,0,1,1,1
2527,V_976.mp4,Alex,1,1,1,0
14267,short_strikes_slice215.mp4,Jen,0,0,0,1
2260,V_735.mp4,Jen,0,0,0,1
14066,outdoorHShackeysack_slice135.mp4,Lance,0,0,0,0
12445,V_789_slice55.mp4,Alex,0,1,0,1
597,NV_363.mp4,Alex,0,0,0,0
11709,V_18.mp4,Ahsen,1,1,1,1
12261,V_679.mp4,Lance,0,0,0,1
460,NV_24.mp4,Ahsen,0,0,0,0
11208,NV_889.mp4,Lance,0,0,0,0
13193,football_crowds__Giants_of_Brazil_5_of_6__anandaliyanage__5tw2pojykz8.mp4,Jen,0,0,0,0
10181,French_flashmob_circle_slice345.mp4,Lance,0,0,0,1
14535,streetfight1_slice320.mp4,Jen,0,1,1,1
793,NV_54.mp4,Alex,0,0,0,0
14693,streetfight2_slice130.mp4,Lance,0,0,0,0
10868,NV_586.mp4,Ahsen,0,0,0,0
10651,NV_39.mp4,Ahsen,0,0,0,0
5187,traditional_dance_slice335.mp4,Ahsen,0,0,0,0
3978,perfect_hook_punch_slice0.mp4,Ahsen,0,0,0,0
14135,parents_hip_hop_slice95.mp4,Lance,0,0,0,0
3439,how_to_punch_7_basics_slice125.mp4,Jen,0,4,0,0
3492,how_to_punch_7_basics_slice90.mp4,Jen,0,0,0,0
14295,short_strikes_slice345.mp4,Jen,3,3,1,1
14755,streetfight2_slice415.mp4,Ahsen,0,0,0,1
10091,ByronBay_slice185.mp4,Jen,0,0,0,0
11521,US_NC_asheville_drum_circle_slice490.mp4,Ahsen,0,0,0,0
14567,streetfight1_slice465.mp4,Jen,0,0,0,0
14763,streetfight2_slice450.mp4,Lance,0,0,0,0
3412,hook_punch_power_slice305.mp4,Lance,0,0,0,0
14736,streetfight2_slice325.mp4,Lance,1,0,1,1
13962,male_makeup_artist_client_slice70.mp4,Jen,0,0,0,0
1481,US_NC_asheville_drum_circle_slice585.mp4,Ahsen,0,0,0,0
14084,outdoorHShackeysack_slice215.mp4,Lance,0,0,0,0
15133,streetfight5_slice435.mp4,Ahsen,0,0,0,0
11310,NV_983.mp4,Jen,0,0,0,0
14706,streetfight2_slice190.mp4,Alex,0,0,0,0
13667,how_to_punch_hard_fast_slice145.mp4,Jen,4,4,1,1
13306,football_violence__Football_Hooligans_Preston_North_End_Mix__prestonparasoccer__qwrOc8xmlpY.mp4,Jen,1,1,1,1
10240,HShackeysack_slice265.mp4,Jen,0,0,0,0
11045,NV_742_slice0.mp4,Lance,0,0,0,0
11499,US_NC_asheville_drum_circle_slice390.mp4,Lance,0,0,0,0
13172,female_makeup_artist_client_slice45.mp4,Alex,0,0,0,0
10014,Australian_flash_mob_dance_slice135.mp4,Lance,0,0,0,0
12279,V_695.mp4,Lance,0,1,1,1
10681,NV_416.mp4,Ahsen,0,0,0,0
4141,short_strikes_slice365.mp4,Jen,0,0,0,0
13515,heavy_bag_drills_slice485.mp4,Lance,0,0,0,0
14778,streetfight2_slice515.mp4,Alex,1,1,1,1
12389,V_789_slice140.mp4,Jen,0,0,0,0
14202,poor_lighting_pool_hall_punch_slice25.mp4,Alex,0,0,0,0
15410,traditional_dance_slice75.mp4,Alex,0,0,0,0
11516,US_NC_asheville_drum_circle_slice465.mp4,Alex,0,0,0,0
14403,stadium_crowds__MASSIVE_mexican_Wave_at_state_of_origin_game_2_2010__MELfunkshun.mp4,Alex,0,0,0,0
10963,NV_671.mp4,Lance,0,0,0,0
13948,male_makeup_artist_client_slice235.mp4,Lance,0,0,0,0
11721,V_190_slice5.mp4,Lance,0,0,0,0
14751,streetfight2_slice40.mp4,Lance,0,0,0,1
765,NV_514.mp4,Ahsen,0,0,0,0
14988,streetfight4_slice320.mp4,Jen,0,0,0,1
14275,short_strikes_slice250.mp4,Alex,3,3,1,1
1945,V_451.mp4,Ahsen,0,1,1,1
11233,NV_910.mp4,Ahsen,0,0,0,0
10070,British_Football_Hooligans_Mix_3__MorningGlory1997__kW23lUV6oFk_slice5.mp4,Alex,0,0,0,0
11643,V_123_slice0.mp4,Jen,1,0,0,1
12121,V_551_slice0.mp4,Lance,1,1,1,1
10244,HShackeysack_slice285.mp4,Jen,0,0,0,0
15004,streetfight4_slice395.mp4,Lance,0,0,0,0
10728,NV_46.mp4,Jen,0,0,0,0
5063,student_teacher_greetings_slice15.mp4,Ahsen,0,0,0,1
15177,streetfight5_slice635.mp4,Ahsen,0,0,0,0
13105,fast_punch_drill_slice100.mp4,Ahsen,3,3,1,1
12746,downward_strike_punches_slice1030.mp4,Jen,0,0,0,0
11980,V_423.mp4,Jen,1,1,1,1
318,NV_111.mp4,Alex,0,0,0,0
14565,streetfight1_slice455.mp4,Ahsen,0,1,0,0
13141,fast_punch_drill_slice70.mp4,Lance,4,0,0,0
13473,heavy_bag_drills_slice295.mp4,Jen,3,3,1,1
15078,streetfight5_slice185.mp4,Lance,1,0,1,0
11843,V_304_slice0.mp4,Alex,1,0,1,1
15332,traditional_dance_slice30.mp4,Alex,0,0,0,0
10446,NV_206.mp4,Alex,0,0,0,0
4882,streetfight4_slice555.mp4,Jen,0,0,0,0
